{
 "total_steps": 5850.0,
 "best_accuracy": {
  "data/politihop/original/politihop_test_adv-2class.json": 0.895736842105263,
  "data/politihop/symmetric/Symmetric_PolitiHop_ShareEvi.json": 0.6136959064327485,
  "data/politihop/symmetric/Symmetric_PolitiHop.json": 0.6497076023391813
 },
 "best_step": {
  "data/politihop/original/politihop_test_adv-2class.json": 1170,
  "data/politihop/symmetric/Symmetric_PolitiHop_ShareEvi.json": 468,
  "data/politihop/symmetric/Symmetric_PolitiHop.json": 1053
 },
 "accuracy": {
  "data/politihop/original/politihop_test_adv-2class.json": [
   0.8771929824561403,
   0.8771929824561403,
   0.8654970760233918,
   0.8654970760233918,
   0.8830409356725146,
   0.8888888888888888,
   0.8771929824561403,
   0.8771929824561403,
   0.8771929824561403,
   0.895736842105263,
   0.8888888888888888,
   0.8888888888888888,
   0.8888888888888888,
   0.8888888888888888,
   0.8888888888888888,
   0.8888888888888888,
   0.8888888888888888,
   0.8888888888888888,
   0.8888888888888888,
   0.8888888888888888,
   0.8888888888888888,
   0.8888888888888888,
   0.8888888888888888,
   0.8888888888888888,
   0.8888888888888888,
   0.8888888888888888,
   0.8888888888888888,
   0.8888888888888888,
   0.8888888888888888,
   0.8888888888888888,
   0.8888888888888888,
   0.8888888888888888,
   0.8888888888888888,
   0.8888888888888888,
   0.8888888888888888,
   0.8888888888888888,
   0.8888888888888888,
   0.8888888888888888,
   0.8888888888888888,
   0.8888888888888888,
   0.8888888888888888,
   0.8771929824561403,
   0.8830409356725146,
   0.8830409356725146,
   0.8830409356725146,
   0.8830409356725146,
   0.8830409356725146,
   0.8830409356725146,
   0.8830409356725146,
   0.8830409356725146
  ],
  "data/politihop/symmetric/Symmetric_PolitiHop_ShareEvi.json": [
   0.5,
   0.6029239766081871,
   0.6058479532163742,
   0.6136959064327485,
   06029239766081871,
   0.6029239766081871,
   0.59707602339181284,
   0.59707602339181284,
   0.6029239766081871,
   0.6,
   0.6,
   0.6,
   0.6,
   0.6,
   0.6029239766081871,
   0.6029239766081871,
   0.6029239766081871,
   0.6029239766081871,
   0.6029239766081871,
   0.6029239766081871,
   0.6029239766081871,
   0.6029239766081871,
   0.6029239766081871,
   0.6029239766081871,
   0.6029239766081871,
   0.6029239766081871,
   0.6029239766081871,
   0.6029239766081871,
   0.6029239766081871,
   0.6029239766081871,
   0.6029239766081871,
   0.6029239766081871,
   0.6029239766081871,
   0.6,
   0.6,
   0.6058479532163742,
   0.6058479532163742,
   0.6058479532163742,
   0.6058479532163742,
   0.6029239766081871,
   0.6,
   0.59707602339181284,
   0.6,
   0.6,
   0.59707602339181284,
   0.6,
   0.6,
   0.6,
   0.6,
   0.6
  ],
  "data/politihop/symmetric/Symmetric_PolitiHop.json": [
   0.6,
   0.6087719298245614,
   0.6,
   0.6029239766081871,
   0.6,
   0.6175438596491228,
   0.6,
   0.6,
   0.6497076023391813,
   0.6204678362573099,
   0.6146198830409356,
   0.6116959064327485,
   0.6116959064327485,
   0.6116959064327485,
   0.6116959064327485,
   0.6116959064327485,
   0.6116959064327485,
   0.6116959064327485,
   0.6116959064327485,
   0.6116959064327485,
   0.6116959064327485,
   0.6116959064327485,
   0.6087719298245614,
   0.6087719298245614,
   0.6087719298245614,
   0.6087719298245614,
   0.6087719298245614,
   0.6058479532163742,
   0.6058479532163742,
   0.6058479532163742,
   0.6058479532163742,
   0.6058479532163742,
   0.6058479532163742,
   0.6116959064327485,
   0.6087719298245614,
   0.6087719298245614,
   0.6058479532163742,
   0.6058479532163742,
   0.6058479532163742,
   0.6058479532163742,
   0.6058479532163742,
   0.6,
   0.6029239766081871,
   0.6029239766081871,
   0.6029239766081871,
   0.6029239766081871,
   0.6029239766081871,
   0.6029239766081871,
   0.6029239766081871,
   0.6029239766081871
  ]
 }
}