{
 "total_steps": 103250.0,
 "best_accuracy": {
  "data/fever/fever_dev-2class.json": 0.9190897089708971,
  "data/fever/fever_dev-2class-mh.json": 0.932967470555244,
  "data/fever/fever2-2class.json": 0.645722998729352,
  "data/fever/fever2-2class-mh.json": 0.6808415841584159
 },
 "best_step": {
  "data/fever/fever_dev-2class.json": 2065,
  "data/fever/fever_dev-2class-mh.json": 2065,
  "data/fever/fever2-2class.json": 18585,
  "data/fever/fever2-2class-mh.json": 16520
 },
 "accuracy": {
  "data/fever/fever_dev-2class.json": [
   0.9190897089708971,
   0.9108370837083709,
   0.908913891389139,
   0.8932133213321333,
   0.881962196219622,
   0.877887788778878,
   0.8304830483048306,
   0.8736873687368738,
   0.8726372637263727,
   0.8385838583858386,
   0.8115061506150616,
   0.8442844284428443,
   0.837908790879088,
   0.8835133513351335,
   0.8665616561656166,
   0.8595859585958596,
   0.7950795079507952,
   0.8548604860486049,
   0.8721872187218722,
   0.8949864986498651,
   0.906984698469847,
   0.8806360636063607,
   0.8786378637863788,
   0.8531353135313532,
   0.8787878787878789,
   0.8630363036303631,
   0.8917881788178819,
   0.8740624062406241,
   0.8667116711671168,
   0.8961116111611161,
   0.8813861386138615,
   0.8704620462046205,
   0.8553855385538555,
   0.8644614461446145,
   0.8748124812481248,
   0.8866876687668768,
   0.8703120312031204,
   0.867011701170117,
   0.878862886288629,
   0.8742874287428744,
   0.8715871587158717,
   0.8781128112811282,
   0.8767626762676268,
   0.8706870687068707,
   0.8725622562256227,
   0.8984368436843685,
   0.8792379237923793,
   0.8748124812481248,
   0.8790879087908792,
   0.8801380138013802
  ],
  "data/fever/fever_dev-2class-mh.json": [
   0.932967470555244,
   0.8979248457655636,
   0.9206393718452047,
   0.9228827818283791,
   0.9010095344924285,
   0.9150308468872687,
   0.895961862030286,
   0.9122265844083006,
   0.9043746494671902,
   0.8768928771733034,
   0.8530566461020752,
   0.8768928771733034,
   0.8701626472237801,
   0.9175546831183399,
   0.907459338194055,
   0.8954010095344924,
   0.8398766124509254,
   0.9032529444756029,
   0.9094223219293326,
   0.8990465507571509,
   0.8791362871564778,
   0.8956814357823892,
   0.9063376332024677,
   0.8939988782950085,
   0.9083006169377453,
   0.8956814357823892,
   0.9164329781267526,
   0.9280201906898486,
   0.9254963544587773,
   0.9124116657319126,
   0.8914750420639372,
   0.9043746494671902,
   0.8948401570386988,
   0.8970835670218733,
   0.9105440269209198,
   0.9133482893998879,
   0.9313853056646102,
   0.8998878295008413,
   0.9113853056646102,
   0.9097027481772294,
   0.9038137969713965,
   0.9083006169377453,
   0.9094223219293326,
   0.9063376332024677,
   0.9063376332024677,
   0.9007291082445317,
   0.9108244531688167,
   0.9060572069545709,
   0.9091418956814358,
   0.910263600673023
  ],
  "data/fever/fever2-2class.json": [
   0.5997458703939009,
   0.5756035578144855,
   0.5984752223634053,
   0.5895806861499365,
   0.5857687420584499,
   0.6124523506988564,
   0.6397458703939009,
   0.6273697585768743,
   0.645722998729352,
   0.5743329097839899,
   0.6248284625158832,
   0.5641677255400255,
   0.5972045743329099,
   0.5972045743329099,
   0.5997458703939009,
   0.5806861499364676,
   0.6138373570520966,
   0.5705209656925032,
   0.6048284625158832,
   0.5972045743329099,
   0.5870393900889453,
   0.590851334180432,
   0.5870393900889453,
   0.5819567979669632,
   0.5781448538754765,
   0.5933926302414232,
   0.5844980940279543,
   0.5997458703939009,
   0.622287166454892,
   0.5832274459974587,
   0.5819567979669632,
   0.5921219822109276,
   0.5717916137229988,
   0.5781448538754765,
   0.576874205844981,
   0.5781448538754765,
   0.5667090216010165,
   0.5806861499364676,
   0.5806861499364676,
   0.5756035578144855,
   0.579415501905972,
   0.5832274459974587,
   0.5819567979669632,
   0.5781448538754765,
   0.5781448538754765,
   0.5756035578144855,
   0.5756035578144855,
   0.5781448538754765,
   0.5819567979669632,
   0.5806861499364676
  ],
  "data/fever/fever2-2class-mh.json": [
   0.6435643564356436,
   0.6287128712871287,
   0.6435643564356436,
   0.6336633663366337,
   0.6460396039603961,
   0.6686138613861386,
   0.6361386138613861,
   0.6808415841584159,
   0.6633663366336634,
   0.6311881188118812,
   0.6633663366336634,
   0.6538613861386139,
   0.650990099009901,
   0.6534653465346535,
   0.6485148514851485,
   0.6336633663366337,
   0.6212871287128713,
   0.6287128712871287,
   0.6633663366336634,
   0.6658415841584159,
   0.6460396039603961,
   0.6534653465346535,
   0.6386138613861386,
   0.6534653465346535,
   0.6287128712871287,
   0.6410891089108911,
   0.6410891089108911,
   0.6311881188118812,
   0.6485148514851485,
   0.6237623762376238,
   0.6336633663366337,
   0.6410891089108911,
   0.6311881188118812,
   0.6311881188118812,
   0.6361386138613861,
   0.6435643564356436,
   0.6361386138613861,
   0.6336633663366337,
   0.6386138613861386,
   0.6336633663366337,
   0.6287128712871287,
   0.6361386138613861,
   0.6410891089108911,
   0.6311881188118812,
   0.6287128712871287,
   0.6163366336633663,
   0.6262376237623762,
   0.6212871287128713,
   0.6361386138613861,
   0.6336633663366337
  ]
 }
}