{
 "total_steps": 52800.0,
 "best_accuracy": {
  "data/cladder/cladder_sol/test-generate-anti.json": 0.4969668246445498,
  "data/cladder/cladder_sol/test-generate-det.json": 0.5,
  "data/cladder/cladder_sol/test-generate-easy.json": 0.4869668246445498,
  "data/cladder/cladder_sol/test-generate-hard.json": 0.4945971563981043,
  "data/cladder/cladder_sol/test-generate-non.json": 0.4758928571428571
 },
 "best_step": {
  "data/cladder/cladder_sol/test-generate-anti.json": 2640,
  "data/cladder/cladder_sol/test-generate-det.json": 2640,
  "data/cladder/cladder_sol/test-generate-easy.json": 2640,
  "data/cladder/cladder_sol/test-generate-hard.json": 2640,
  "data/cladder/cladder_sol/test-generate-non.json": 2640
 },
 "accuracy": {
  "data/cladder/cladder_sol/test-generate-anti.json": [
   0.4969668246445498,
   0.4969668246445498,
   0.4969668246445498,
   0.4969668246445498,
   0.4969668246445498,
   0.4969668246445498,
   0.4969668246445498,
   0.4969668246445498,
   0.4969668246445498,
   0.4969668246445498,
   0.4969668246445498,
   0.4969668246445498,
   0.4969668246445498,
   0.4969668246445498,
   0.4969668246445498,
   0.4969668246445498,
   0.4969668246445498,
   0.4969668246445498,
   0.4969668246445498,
   0.4969668246445498
  ],
  "data/cladder/cladder_sol/test-generate-det.json": [
   0.5,
   0.5,
   0.5,
   0.5,
   0.5,
   0.5,
   0.5,
   0.5,
   0.5,
   0.5,
   0.5,
   0.5,
   0.5,
   0.5,
   0.5,
   0.5,
   0.5,
   0.5,
   0.5,
   0.5
  ],
  "data/cladder/cladder_sol/test-generate-easy.json": [
   0.4869668246445498,
   0.4869668246445498,
   0.4869668246445498,
   0.4869668246445498,
   0.4869668246445498,
   0.4869668246445498,
   0.4869668246445498,
   0.4869668246445498,
   0.4869668246445498,
   0.4869668246445498,
   0.4869668246445498,
   0.4869668246445498,
   0.4869668246445498,
   0.4869668246445498,
   0.4869668246445498,
   0.4869668246445498,
   0.4869668246445498,
   0.4869668246445498,
   0.4869668246445498,
   0.4869668246445498
  ],
  "data/cladder/cladder_sol/test-generate-hard.json": [
   0.4945971563981043,
   0.4945971563981043,
   0.4945971563981043,
   0.4945971563981043,
   0.4945971563981043,
   0.4945971563981043,
   0.4945971563981043,
   0.4945971563981043,
   0.4945971563981043,
   0.4945971563981043,
   0.4945971563981043,
   0.4945971563981043,
   0.4945971563981043,
   0.4945971563981043,
   0.4945971563981043,
   0.4945971563981043,
   0.4945971563981043,
   0.4945971563981043,
   0.4945971563981043,
   0.4945971563981043
  ],
  "data/cladder/cladder_sol/test-generate-non.json": [
   0.4758928571428571,
   0.4758928571428571,
   0.4758928571428571,
   0.4758928571428571,
   0.4758928571428571,
   0.4758928571428571,
   0.4758928571428571,
   0.4758928571428571,
   0.4758928571428571,
   0.4758928571428571,
   0.4758928571428571,
   0.4758928571428571,
   0.4758928571428571,
   0.4758928571428571,
   0.4758928571428571,
   0.4758928571428571,
   0.4758928571428571,
   0.4758928571428571,
   0.4758928571428571,
   0.4758928571428571
  ]
 }
}